Model,CV Accuracy,Test Accuracy,Precision,Recall,F1 Score
Logistic Regression,0.8849685301740096,0.8756756756756757,0.8765434918937539,0.8756756756756757,0.8742621204077177
KNN,0.9187523139577933,0.918918918918919,0.932102237984591,0.918918918918919,0.920889407033858
Random Forest,0.9201406886338394,0.9243243243243243,0.927203094594399,0.9243243243243243,0.9245600243516473
SVM,0.9553313587560164,0.972972972972973,0.9732303732303732,0.972972972972973,0.9729878981604706
