Model,CV Accuracy,Test Accuracy,Precision,Recall,F1 Score
Logistic Regression,0.8903739355794151,0.9027027027027027,0.9056771821989213,0.9027027027027027,0.9017236559570656
KNN,0.9214920399851906,0.9351351351351351,0.940700876321566,0.9351351351351351,0.9352288726675311
Random Forest,0.920122176971492,0.918918918918919,0.9280676054589099,0.918918918918919,0.9182878077647758
SVM,0.9634950018511663,0.9783783783783784,0.9792792792792793,0.9783783783783784,0.9785014024043347
